Station ,Served By Subway Lines,Y2011Ridership,Y2012Ridership,Y2013Ridership,Y2014Ridership,Y2015Ridership,Y2016Ridership,2015-2016 Change,Percentage,2016 Rank,Borough
The Bronx,,,,,,,,,,,
149 St-Grand Concourse ,"IRT Jerome Avenue Line (4) & IRT White Plains Road Line (2,5)","4,169,699","4,104,847","4,427,399","4,536,888","4,424,754","4,381,900","-42,854",-1.00%,110,The Bronx
161 St-Yankee Stadium ,"IRT Jerome Avenue Line (4) & IND Concourse Line (B,D)","8,605,893","8,831,015","8,766,012","8,961,029","8,922,188","8,784,407","-137,781",-1.50%,40,The Bronx
167 St,IRT Jerome Avenue Line (4),"2,978,748","3,039,634","3,081,534","3,067,345","3,180,274","3,179,087","-1,187",0.00%,162,The Bronx
167 St ,"IND Concourse Line (B,D)","2,952,368","2,972,535","3,091,289","3,245,977","3,295,032","3,365,748","70,716",2.10%,151,The Bronx
170 St ,IRT Jerome Avenue Line (4),"2,954,573","2,980,786","2,961,575","2,941,958","3,045,205","3,038,777","-6,428",-0.20%,170,The Bronx
170 St ,"IND Concourse Line (B,D)","1,988,409","2,032,837","2,174,082","2,297,459","2,286,670","2,317,558","30,888",1.40%,218,The Bronx
174 St ,"IRT White Plains Road Line (2,5)","2,161,875","2,152,009","2,301,756","2,374,812","2,313,651","2,411,413","97,762",4.20%,206,The Bronx
174-175 Sts ,"IND Concourse Line (B,D)","1,492,092","1,496,869","1,598,189","1,719,504","1,695,879","1,752,387","56,508",3.30%,279,The Bronx
176 St ,IRT Jerome Avenue Line (4),"1,720,629","1,764,100","1,837,995","1,848,854","1,969,221","2,036,529","67,308",3.40%,245,The Bronx
182-183 Sts ,"IND Concourse Line (B,D)","1,489,026","1,447,028","1,520,856","1,604,218","1,643,266","1,682,092","38,826",2.40%,284,The Bronx
183 St ,IRT Jerome Avenue Line (4),"1,978,737","1,997,038","2,002,633","2,007,140","2,057,944","2,071,316","13,372",0.60%,239,The Bronx
219 St ,"IRT White Plains Road Line (2,5)","1,032,343","1,063,058","1,099,491","1,124,522","1,108,859","1,049,128","-59,731",-5.40%,356,The Bronx
225 St ,"IRT White Plains Road Line (2,5)","1,336,790","1,382,626","1,400,377","1,445,591","1,439,495","1,365,544","-73,951",-5.10%,315,The Bronx
231 St ,IRT Broadway Line (1),"2,731,068","2,829,503","2,757,855","2,912,283","2,966,015","3,013,521","47,506",1.60%,172,The Bronx
233 St ,"IRT White Plains Road Line (2,5)","1,655,372","1,674,406","1,719,181","1,803,693","1,762,923","1,688,487","-74,436",-4.20%,283,The Bronx
238 St  ,"IRT Broadway Line (1,9)","902,601","1,106,353","1,092,492","1,209,623","1,240,616","1,327,862","87,246",7.00%,323,The Bronx
3 Av-138 St ,IRT Pelham Line (6),"2,280,268","2,304,717","2,443,326","2,534,036","2,531,974","2,509,085","-22,889",-0.90%,201,The Bronx
3 Av-149 St,"IRT White Plains Road Line (2,5)","7,232,070","7,525,904","7,310,115","7,763,151","7,363,663","7,609,968","246,305",3.30%,55,The Bronx
Allerton Av  ,"IRT White Plains Road Line (2,5)","1,602,390","1,689,145","1,747,352","1,829,712","1,821,628","1,733,740","-87,888",-4.80%,281,The Bronx
Baychester Av ,"IRT Dyre Ave Line (2,5)","1,106,959","1,161,075","1,234,050","1,186,372","1,137,693","1,112,259","-25,434",-2.20%,344,The Bronx
Bedford Park Blvd ,"IND Concourse Line (B,D)","1,914,096","1,929,623","2,040,887","2,136,860","2,196,065","2,240,256","44,191",2.00%,222,The Bronx
Bedford Park Blvd-Lehman College,IRT Jerome Avenue Line (4),"1,835,965","1,796,392","1,853,706","1,827,260","1,863,892","1,812,036","-51,856",-2.80%,268,The Bronx
Bronx Park East ,"IRT White Plains Road Line (2,5)","826,356","860,554","914,831","933,109","877,311","841,547","-35,764",-4.10%,377,The Bronx
Brook Av ,IRT Pelham Line (6),"1,950,893","1,901,192","1,970,010","2,002,825","1,981,721","1,964,831","-16,890",-0.90%,257,The Bronx
Buhre Av ,IRT Pelham Line (6),"991,171","1,008,640","1,111,659","637,600","661,527","1,048,776","387,249",58.50%,357,The Bronx
Burke Av ,"IRT White Plains Road Line (2,5)","1,036,169","1,086,792","1,133,298","1,158,787","1,139,826","1,099,582","-40,244",-3.50%,347,The Bronx
Burnside Av ,IRT Jerome Avenue Line (4),"3,528,312","3,508,076","3,560,191","3,558,297","3,641,720","3,617,308","-24,412",-0.70%,142,The Bronx
Castle Hill Av ,IRT Pelham Line (6),"2,341,370","2,327,404","1,756,879","1,491,030","2,174,412","2,100,194","-74,218",-3.40%,238,The Bronx
Cypress Av ,IRT Pelham Line (6),"1,142,381","1,097,947","1,186,696","1,226,878","1,228,311","1,265,930","37,619",3.10%,328,The Bronx
East 143 St-St Mary's St ,IRT Pelham Line (6),"280,840","285,464","273,895","279,012","298,462","313,386","14,924",5.00%,415,The Bronx
East 149 St ,IRT Pelham Line (6),"1,383,455","1,403,118","1,457,795","1,460,311","1,479,241","1,518,946","39,705",2.70%,304,The Bronx
East 180 St ,"IRT White Plains Road Line (2,5)","2,164,608","2,098,429","2,152,570","2,445,421","2,368,031","2,518,622","150,591",6.40%,199,The Bronx
Eastchester-Dyre Av ,"IRT Dyre Ave Line (2,5)","1,309,695","1,366,077","1,441,375","1,380,334","1,330,123","1,293,411","-36,712",-2.80%,326,The Bronx
Elder Av ,IRT Pelham Line (6),"721,362","1,936,349","2,041,453","2,084,044","2,080,228","2,117,178","36,950",1.80%,235,The Bronx
Fordham Rd ,IRT Jerome Avenue Line (4),"3,966,339","3,947,625","3,946,955","3,857,749","3,892,140","3,858,183","-33,957",-0.90%,133,The Bronx
Fordham Rd ,"IND Concourse Line (B,D)","3,680,312","3,655,007","3,876,601","4,028,205","3,905,346","3,890,986","-14,360",-0.40%,131,The Bronx
Freeman St ,"IRT White Plains Road Line (2,5)","1,348,014","1,393,186","1,486,965","1,517,066","1,492,757","1,588,448","95,691",6.40%,296,The Bronx
Gun Hill Rd,"IRT White Plains Road Line (2,5)","2,176,939","2,235,325","2,304,780","2,477,798","2,449,555","2,473,814","24,259",1.00%,202,The Bronx
Gun Hill Rd ,"IRT Dyre Ave Line (2,5)","1,683,011","1,757,377","1,792,707","1,716,952","1,639,924","1,619,073","-20,851",-1.30%,293,The Bronx
Hunts Point Av ,IRT Pelham Line (6),"3,191,706","3,204,779","3,158,343","3,138,131","3,305,563","3,269,585","-35,978",-1.10%,159,The Bronx
Intervale Av ,"IRT White Plains Road Line (2,5)","902,216","937,280","1,048,501","1,095,221","1,039,265","1,061,240","21,975",2.10%,353,The Bronx
Jackson Av ,"IRT White Plains Road Line (2,5)","1,573,302","1,520,612","1,686,061","1,753,555","1,731,638","1,802,193","70,555",4.10%,270,The Bronx
Kingsbridge Rd ,IRT Jerome Avenue Line (4),"3,169,615","3,173,688","3,198,725","3,149,605","3,171,646","3,126,119","-45,527",-1.40%,164,The Bronx
Kingsbridge Rd ,"IND Concourse Line (B,D)","2,275,576","2,255,556","2,390,749","2,562,374","2,530,782","2,566,076","35,294",1.40%,195,The Bronx
Longwood Av ,IRT Pelham Line (6),"1,067,960","1,065,764","1,087,990","1,098,022","1,088,970","1,081,519","-7,451",-0.70%,351,The Bronx
Middletown Rd ,IRT Pelham Line (6),"559,746","566,771","441,950","661,242","795,762","598,447","-197,315",-24.80%,398,The Bronx
Morris Park ,"IRT White Plains Road Line (2,5)","554,320","589,170","631,930","621,945","629,282","677,899","48,617",7.70%,391,The Bronx
Morrison Av-Soundview,IRT Pelham Line (6),"3,028,145","2,057,570","2,096,942","2,125,383","2,097,203","2,135,920","38,717",1.80%,231,The Bronx
Mosholu Pkwy ,IRT Jerome Avenue Line (4),"2,961,522","2,906,150","2,917,501","2,886,764","2,891,451","2,836,370","-55,081",-1.90%,182,The Bronx
Mt Eden Av ,IRT Jerome Avenue Line (4),"1,814,951","1,818,870","1,848,483","1,824,861","1,844,131","1,824,478","-19,653",-1.10%,267,The Bronx
Nereid Av ,"IRT White Plains Road Line (2,5)","1,025,004","1,086,227","1,195,804","1,183,733","1,162,973","1,131,328","-31,645",-2.70%,343,The Bronx
Norwood-205 St ,IND Concourse Line (D),"2,472,094","2,463,462","2,569,581","2,709,761","2,750,124","2,805,984","55,860",2.00%,184,The Bronx
Parkchester-177 St,IRT Pelham Line (6),"4,851,182","4,687,402","5,215,409","5,586,943","5,224,959","5,201,901","-23,058",-0.40%,88,The Bronx
Pelham Bay Park ,IRT Pelham Line (6),"2,062,525","2,030,215","2,096,130","2,318,533","2,337,689","2,208,725","-128,964",-5.50%,224,The Bronx
Pelham Pkwy ,"IRT White Plains Road Line (2,5)","2,701,431","2,882,651","3,028,494","3,084,862","3,066,190","2,955,589","-110,601",-3.60%,174,The Bronx
Pelham Pkwy ,"IRT Dyre Ave Line (2,5)","897,433","923,188","919,689","907,735","894,727","897,374","2,647",0.30%,372,The Bronx
Prospect Av ,"IRT White Plains Road Line (2,5)","2,209,945","2,125,066","2,311,798","2,445,131","2,394,820","2,513,169","118,349",4.90%,200,The Bronx
Simpson St ,"IRT White Plains Road Line (2,5)","2,901,513","2,810,789","3,027,856","3,121,036","3,048,014","3,046,838","-1,176",0.00%,168,The Bronx
St Lawrence Av ,IRT Pelham Line (6),"463,809","1,212,796","1,280,074","1,315,456","1,320,571","1,329,758","9,187",0.70%,322,The Bronx
Tremont Av ,"IND Concourse Line (B,D)","2,772,602","2,791,329","2,952,385","3,130,848","3,155,197","3,213,396","58,199",1.80%,161,The Bronx
Van Cortlandt Park-242 St ,"IRT Broadway Line (1,9)","1,937,333","2,041,551","2,148,667","2,188,428","2,266,986","2,294,482","27,496",1.20%,219,The Bronx
Wakefield-241 St,"IRT White Plains Road Line (2,5)","1,560,698","1,603,076","1,528,793","1,669,608","1,654,707","1,662,337","7,630",0.50%,285,The Bronx
West Farms Sq-East Tremont Av ,"IRT White Plains Road Line (2,5)","2,391,352","2,428,999","2,514,240","2,567,773","2,437,882","2,465,907","28,025",1.10%,203,The Bronx
Westchester Sq-East Tremont Av ,IRT Pelham Line (6),"1,993,343","1,964,525","2,043,649","2,177,402","2,056,555","1,952,473","-104,082",-5.10%,259,The Bronx
Whitlock Av ,IRT Pelham Line (6),"726,747","524,988","534,489","543,798","545,079","571,352","26,273",4.80%,402,The Bronx
Woodlawn,IRT Jerome Avenue Line (4),"2,494,092","2,417,765","2,423,278","2,375,663","2,418,890","2,380,900","-37,990",-1.60%,210,The Bronx
Zerega Av,IRT Pelham Line (6),"825,755","849,815","985,388","599,478","492,883","784,314","291,431",59.10%,385,The Bronx
Brooklyn,,,,,,,,,,,
15 St-Prospect Park ,"IND Culver Line (F,G)","1,449,241","1,852,346","2,005,424","2,017,347","2,011,237","1,958,444","-52,793",-2.60%,258,Brooklyn
18 Av ,"BMT West End Line (D,M)","1,654,305","1,661,770","1,954,729","1,996,205","1,925,239","2,003,777","78,538",4.10%,251,Brooklyn
18 Av ,IND Culver Line (F),"1,306,839","1,294,568","1,313,344","1,277,024","1,392,552","1,344,286","-48,266",-3.50%,320,Brooklyn
18 Av ,"BMT Sea Beach Line (N,W)","1,828,462","1,819,255","1,641,928","1,775,695","1,784,992","723,187","-1,061,805",-59.50%,389,Brooklyn
20 Av ,"BMT West End Line (D,M)","1,370,001","1,377,648","1,547,029","1,564,060","1,592,525","1,656,437","63,912",4.00%,287,Brooklyn
20 Av ,"BMT Sea Beach Line (N,W)","1,220,065","1,245,145","1,286,961","1,305,487","1,279,525","409,416","-870,109",-68.00%,411,Brooklyn
25 Av ,BMT West End Line (D),"1,266,146","1,206,526","1,421,090","1,488,192","1,508,412","1,992,945","484,533",32.10%,254,Brooklyn
25 St ,"BMT 4th Ave Line (D,M,N,R,W)","1,243,737","1,198,226","1,218,842","1,274,939","1,221,949","1,188,884","-33,065",-2.70%,338,Brooklyn
36 St ,"BMT 4th Ave Line (D,M,N,R,W)","3,659,139","3,772,420","3,826,400","3,970,318","4,138,929","4,235,509","96,580",2.30%,118,Brooklyn
4 Av-9 St ,"IND Culver Line (F,G) & BMT 4th Ave Line (D,M,N,R,W)","4,020,665","4,300,400","4,210,873","4,120,946","4,199,208","4,138,758","-60,450",-1.40%,124,Brooklyn
45 St ,"BMT 4th Ave Line (R,W)","2,328,141","2,255,877","2,251,217","2,323,521","2,321,241","2,228,315","-92,926",-4.00%,223,Brooklyn
50 St ,"BMT West End Line (D,M)","897,609","941,157","1,021,409","1,009,971","968,612","1,012,356","43,744",4.50%,362,Brooklyn
53 St ,"BMT 4th Ave Line (R,W)","2,401,105","2,357,449","2,387,370","2,405,353","2,374,338","2,334,471","-39,867",-1.70%,216,Brooklyn
55 St ,"BMT West End Line (D,M)","586,282","546,080","601,931","603,320","595,157","665,488","70,331",11.80%,394,Brooklyn
59 St ,"BMT 4th Ave Line (N,R,W)","3,819,141","3,848,745","3,968,334","4,094,658","4,158,863","4,169,280","10,417",0.30%,122,Brooklyn
7 Av ,"BMT Brighton Line aka East 16th Street Line (B,Q)","2,953,368","2,824,839","2,905,400","2,932,926","2,980,366","2,943,272","-37,094",-1.20%,176,Brooklyn
7 Av ,"IND Culver Line (F,G)","3,934,545","3,699,471","3,904,986","3,886,594","3,780,126","3,700,321","-79,805",-2.10%,140,Brooklyn
71 St ,"BMT West End Line (D,M)","1,115,321","1,191,257","1,446,020","1,481,633","1,487,929","2,029,479","541,550",36.40%,248,Brooklyn
77 St ,BMT 4th Ave Line (R),"1,579,635","1,600,644","1,645,262","1,711,410","1,723,178","1,743,795","20,617",1.20%,280,Brooklyn
79 St ,"BMT West End Line (D,M)","1,633,616","1,651,785","1,949,861","2,041,896","2,043,471","2,137,349","93,878",4.60%,230,Brooklyn
8 Av ,"BMT Sea Beach Line (N,W)","3,484,429","3,559,576","3,677,764","3,851,372","3,796,909","4,586,559","789,650",20.80%,105,Brooklyn
86 St ,"BMT Sea Beach Line (N,W)","796,379","811,332","801,109","837,472","859,293","419,039","-440,254",-51.20%,410,Brooklyn
86 St ,BMT 4th Ave Line (R),"3,445,470","3,515,085","3,662,602","3,753,132","3,747,601","3,752,400","4,799",0.10%,138,Brooklyn
9 Av ,"BMT West End Line (D,M)","1,681,423","1,668,767","1,896,942","1,938,987","1,843,944","1,858,368","14,424",0.80%,263,Brooklyn
Alabama Av ,"BMT Jamaica Line (J,Z)","759,581","772,447","770,075","784,998","814,578","834,945","20,367",2.50%,378,Brooklyn
Atlantic Av-Barclays Ctr (Atlantic-Pacific St),"IRT Eastern Parkway Line (2,3,4,5) & BMT Brighton Line (B,Q) & BMT 4th Ave Line (D,M,N,R,W)","10,726,332","11,526,090","13,122,876","13,617,153","13,690,678","13,818,168","127,490",0.90%,21,Brooklyn
Atlantic Av ,BMT Canarsie Line (L),"427,914","444,960","482,835","535,041","422,505","436,300","13,795",3.30%,409,Brooklyn
Avenue H ,BMT Brighton Line (Q),"521,818","823,237","875,106","896,279","899,662","952,855","53,193",5.90%,367,Brooklyn
Avenue I ,IND Culver Line (F),"696,851","684,241","699,582","696,140","672,710","585,217","-87,493",-13.00%,399,Brooklyn
Avenue J ,BMT Brighton Line (Q),"2,085,557","1,807,574","1,867,576","1,850,087","1,848,674","1,867,727","19,053",1.00%,261,Brooklyn
Avenue M ,BMT Brighton Line (Q),"1,345,774","1,608,901","1,730,576","1,731,955","1,733,583","1,776,762","43,179",2.50%,277,Brooklyn
Avenue N ,IND Culver Line (F),"1,049,752","1,012,534","1,044,429","1,050,916","1,027,713","941,921","-85,792",-8.30%,369,Brooklyn
Avenue P ,IND Culver Line (F),"836,317","825,620","861,095","864,424","858,733","809,816","-48,917",-5.70%,380,Brooklyn
Avenue U ,IND Culver Line (F),"696,998","707,595","717,486","699,414","716,715","772,331","55,616",7.80%,386,Brooklyn
Avenue U ,"BMT Sea Beach Line (N,W)","1,244,178","1,297,870","1,211,062","1,251,276","1,253,349","456,533","-796,816",-63.60%,408,Brooklyn
Avenue U ,BMT Brighton Line (Q),"2,136,714","2,071,874","2,176,073","2,175,035","2,231,577","2,332,985","101,408",4.50%,217,Brooklyn
Avenue X ,IND Culver Line (F),"854,737","860,597","908,520","892,170","589,962","727,220","137,258",23.30%,388,Brooklyn
Bay 50 St ,"BMT West End Line (D,M)","920,243","777,836","847,843","884,302","872,953","972,937","99,984",11.50%,365,Brooklyn
Bay Pkwy ,BMT West End Line (D),"2,018,400","2,038,864","2,298,420","2,362,284","2,368,617","2,578,524","209,907",8.90%,194,Brooklyn
Bay Pkwy ,IND Culver Line (F),"434,564","464,906","487,308","478,322","460,536","406,793","-53,743",-11.70%,412,Brooklyn
Bay Pkwy ,"BMT Sea Beach Line (N,W)","2,160,569","2,221,968","2,243,082","2,342,792","2,298,369","3,435,240","1,136,871",49.50%,149,Brooklyn
Bay Ridge Av ,BMT 4th Ave Line (R),"2,538,150","2,522,369","2,525,470","2,597,559","2,623,309","2,622,438",-871,0.00%,192,Brooklyn
Bay Ridge-95 St ,BMT 4th Ave Line (R),"1,769,432","1,809,829","1,830,193","1,858,200","1,865,038","1,853,049","-11,989",-0.60%,264,Brooklyn
Bedford Av ,BMT Canarsie Line (L),"7,738,863","8,342,397","9,214,395","9,892,516","9,388,289","9,688,560","300,271",3.20%,31,Brooklyn
Bedford-Nostrand Avs ,IND Crosstown Line (G),"2,012,606","2,138,852","2,348,998","2,513,681","2,634,066","2,697,942","63,876",2.40%,188,Brooklyn
Bergen St ,"IRT Eastern Parkway Line (2,3,4)","1,326,721","1,397,036","1,296,199","1,236,513","1,210,571","1,231,084","20,513",1.70%,331,Brooklyn
Bergen St ,"IND Culver Line (F,G)","3,452,452","3,529,174","3,650,848","3,711,317","3,708,300","3,599,389","-108,911",-2.90%,143,Brooklyn
Beverley Rd ,BMT Brighton Line (Q),"1,095,502","950,243","737,652","838,970","899,663","953,903","54,240",6.00%,366,Brooklyn
Beverly Rd ,"IRT Nostrand Ave Line (2,5)","1,276,466","1,274,789","1,364,573","1,360,719","1,392,643","1,379,958","-12,685",-0.90%,314,Brooklyn
Brighton Beach ,"BMT Brighton Line (B,Q)","3,842,789","3,781,554","3,810,743","3,872,092","4,014,831","4,044,514","29,683",0.70%,127,Brooklyn
Broadway ,IND Crosstown Line (G),"995,856","1,023,397","1,071,877","1,124,407","1,313,362","1,397,227","83,865",6.40%,313,Brooklyn
Broadway Junction ,"IND Fulton Street Line (A,C) & BMT Jamaica Line(J,M,Z) & BMT Canarsie Line (L)","2,810,713","2,862,830","2,948,156","3,018,656","3,133,658","3,085,401","-48,257",-1.50%,166,Brooklyn
Bushwick Av-Aberdeen St ,BMT Canarsie Line (L),"405,385","427,032","490,042","563,577","598,393","672,880","74,487",12.40%,393,Brooklyn
Canarsie-Rockaway Pkwy ,BMT Canarsie Line (L),"3,865,823","3,920,243","4,062,690","4,175,970","4,024,313","3,897,784","-126,529",-3.10%,129,Brooklyn
Carroll St ,"IND Culver Line (F,G)","3,598,477","3,961,111","3,782,675","3,616,947","3,672,702","3,563,150","-109,552",-3.00%,144,Brooklyn
Central Av ,BMT Myrtle Ave Line (M),"890,194","992,142","505,757","970,531","1,141,731","1,158,274","16,543",1.40%,341,Brooklyn
Chauncey St ,"BMT Jamaica Line(J,M,Z)","966,989","964,735","938,803","959,091","1,045,698","1,092,483","46,785",4.50%,349,Brooklyn
Church Av ,"IRT Nostrand Ave Line (2,5)","3,057,877","2,987,887","3,059,215","3,020,066","3,070,551","3,027,658","-42,893",-1.40%,171,Brooklyn
Church Av ,"BMT Brighton Line (B,Q)","4,665,059","4,982,615","5,603,898","5,482,093","5,707,573","5,438,775","-268,798",-4.70%,81,Brooklyn
Church Av ,"IND Culver Line (F,G)","3,271,729","3,081,142","3,193,844","3,201,585","3,353,795","3,315,387","-38,408",-1.10%,155,Brooklyn
Clark St ,"IRT 7th Ave Line (2,3)","1,754,204","1,855,650","1,972,314","2,018,876","1,997,148","2,000,024","2,876",0.10%,252,Brooklyn
Classon Av ,IND Crosstown Line (G),"1,308,232","1,355,886","1,432,872","1,477,256","1,604,508","1,581,663","-22,845",-1.40%,298,Brooklyn
Cleveland St ,BMT Jamaica Line(J),"1,002,848","1,029,708","1,050,261","1,107,397","1,120,403","1,104,683","-15,720",-1.40%,345,Brooklyn
Clinton-Washington Avs ,"IND Fulton Street Line (A,C) ","1,819,542","1,891,559","2,104,035","2,077,312","2,060,200","2,152,345","92,145",4.50%,227,Brooklyn
Clinton-Washington Avs ,IND Crosstown Line (G),"1,628,558","1,637,463","1,678,004","1,652,336","1,716,023","1,656,058","-59,965",-3.50%,288,Brooklyn
Coney Island-Stillwell Av ,BMT West End Line (D) & IND Culver Line (F) & BMT Sea Beach Line (N) & BMT Brighton Line (Q),"4,649,438","4,733,106","4,690,794","4,980,140","5,132,083","5,025,598","-106,485",-2.10%,94,Brooklyn
Cortelyou Rd ,BMT Brighton Line (Q),"2,135,444","1,992,781","1,700,177","1,806,758","1,961,144","1,978,254","17,110",0.90%,255,Brooklyn
Court St/Borough Hall ,"IRT 7th Ave Line (2,3) & IRT Eastern Parkway Line (4,5) & BMT 4th Ave Line (M,N,R,W)","11,115,037","10,988,473","11,291,705","11,474,717","11,360,058","11,080,334","-279,724",-2.50%,27,Brooklyn
Crescent St ,"BMT Jamaica Line(J,Z)","1,514,075","1,504,645","1,509,290","1,583,134","1,626,727","1,617,730","-8,997",-0.60%,294,Brooklyn
Crown Heights-Utica Av ,"IRT Eastern Parkway Line (2,3,4,5)","8,438,284","8,469,613","8,534,705","8,690,082","8,965,908","9,051,970","86,062",1.00%,36,Brooklyn
Cypress Hills ,BMT Jamaica Line(J),"435,446","411,495","432,557","450,480","452,936","462,143","9,207",2.00%,407,Brooklyn
DeKalb Av ,"BMT Brighton Line (B,Q) & BMT 4th Ave Line (D,M,N,R,W)", ,"5,222,096","5,223,608","5,288,037","5,373,388","5,640,329","266,941",5.00%,78,Brooklyn
DeKalb Av ,BMT Canarsie Line (L),"3,382,468","3,495,896","3,712,102","3,924,836","3,938,538","4,017,076","78,538",2.00%,128,Brooklyn
Ditmas Av ,BMT Culver Line (F),"1,392,790","1,404,811","1,455,737","1,437,835","1,033,946","1,055,185","21,239",2.10%,355,Brooklyn
East 105 St ,BMT Canarsie Line (L),"1,101,683","1,110,433","1,161,688","1,197,125","1,187,844","1,201,578","13,734",1.20%,337,Brooklyn
Eastern Pkwy-Brooklyn Museum ,"IRT Eastern Parkway Line (2,3,4)","1,568,924","1,578,613","1,674,856","1,665,524","1,676,659","1,585,048","-91,611",-5.50%,297,Brooklyn
Euclid Av ,"IND Fulton Street Line (A,C) ","3,100,867","3,115,445","3,323,235","3,315,007","3,509,500","3,458,027","-51,473",-1.50%,148,Brooklyn
Flatbush Av-Brooklyn College ,"IRT Nostrand Ave Line (2,5)","6,547,958","6,384,496","6,562,226","6,447,908","6,487,608","6,321,530","-166,078",-2.60%,69,Brooklyn
Flushing Av ,IND Crosstown Line (G),"616,083","655,317","728,668","808,421","866,803","877,269","10,466",1.20%,374,Brooklyn
Flushing Av ,"BMT Jamaica Line(J,M)","2,683,278","2,776,360","2,869,903","2,847,691","2,991,074","2,894,033","-97,041",-3.20%,180,Brooklyn
Fort Hamilton Pkwy ,BMT West End Line (D) ,"1,103,024","1,025,285","1,240,644","1,317,172","1,297,755","1,349,733","51,978",4.00%,319,Brooklyn
Fort Hamilton Pkwy ,"IND Culver Line (F,G)","1,292,131","1,538,039","1,688,093","1,729,381","1,792,239","1,845,401","53,162",3.00%,265,Brooklyn
Fort Hamilton Pkwy ,"BMT Sea Beach Line (N,W)","2,086,389","2,105,486","2,200,487","2,278,120","2,164,028","554,051","-1,609,977",-74.40%,404,Brooklyn
Franklin Av,"IRT Eastern Parkway Line (2,3,4,5) & BMT Franklin Ave Shuttle (S)","4,712,492","4,934,593","5,125,782","5,377,967","5,100,038","5,010,984","-89,054",-1.70%,95,Brooklyn
Franklin Av ,"IND Fulton Street Line (A,C) & BMT Franklin Ave Shuttle (S)","1,904,736","1,982,691","2,049,246","2,125,076","2,137,752","2,056,281","-81,471",-3.80%,243,Brooklyn
Fulton St ,IND Crosstown Line (G),"1,179,034","1,280,063","1,394,890","1,485,669","1,643,353","1,639,930","-3,423",-0.20%,292,Brooklyn
Gates Av ,"BMT Jamaica Line(J,M,Z)","1,870,109","1,901,060","1,895,878","1,984,486","2,100,864","2,117,787","16,923",0.80%,234,Brooklyn
Graham Av ,BMT Canarsie Line (L),"3,054,897","3,086,342","3,179,579","3,402,514","3,293,413","3,324,292","30,879",0.90%,153,Brooklyn
Grand Army Plaza ,"IRT Eastern Parkway Line (2,3,4)","2,417,351","2,507,555","2,556,750","2,505,721","2,433,907","2,425,948","-7,959",-0.30%,205,Brooklyn
Grand St ,BMT Canarsie Line (L),"2,135,063","2,145,374","2,260,023","2,414,872","2,242,757","2,174,128","-68,629",-3.10%,225,Brooklyn
Grant Av ,IND Fulton Street Line (A),"1,953,637","1,952,581","1,958,503","2,041,848","2,084,651","2,170,567","85,916",4.10%,226,Brooklyn
Greenpoint Av ,IND Crosstown Line (G),"2,490,286","2,521,422","2,543,568","2,428,027","2,902,723","2,951,454","48,731",1.70%,175,Brooklyn
Halsey St ,"BMT Jamaica Line(J,M,Z)","1,805,490","1,800,505","1,845,755","1,968,526","2,083,683","2,101,350","17,667",0.80%,237,Brooklyn
Halsey St ,BMT Canarsie Line (L),"2,037,729","2,136,529","2,317,512","2,492,974","2,465,693","2,629,576","163,883",6.60%,191,Brooklyn
Hewes St ,"BMT Jamaica Line(J,M,Z)","848,377","895,661","927,212","903,641","981,379","913,179","-68,200",-6.90%,371,Brooklyn
High St ,"IND Fulton Street Line (A,C)","2,093,306","2,209,212","2,441,136","2,687,244","2,656,705","2,536,059","-120,646",-4.50%,197,Brooklyn
Hoyt St ,"IRT Eastern Parkway Line (2,3)","1,922,916","1,978,582","2,033,085","2,181,465","2,249,892","2,356,001","106,109",4.70%,211,Brooklyn
Hoyt-Schermerhorn Sts ,"IND Fulton Street Line (A,C) & IND Crosstown Line (G)","2,968,639","2,990,881","2,971,379","2,961,316","3,038,302","3,082,398","44,096",1.50%,167,Brooklyn
Jay St-MetroTech ,"IND Fulton Street Line (A,C) & IND Culver Line (F) & BMT 4th Ave Line (M,N,R,W)","11,149,629","11,492,780","11,793,956","12,197,352","12,765,132","13,091,255","326,123",2.60%,23,Brooklyn
Jefferson St ,BMT Canarsie Line (L),"1,815,391","1,906,878","2,136,772","2,425,983","2,514,292","2,563,505","49,213",2.00%,196,Brooklyn
Junius St ,"IRT New Lots Ave Line (3,4)","678,990","660,013","690,625","727,369","928,235","681,935","-246,300",-26.50%,390,Brooklyn
Kings Hwy ,"BMT Brighton Line (B,Q) ","5,311,662","5,453,084","5,697,467","5,693,562","5,905,481","6,014,920","109,439",1.90%,73,Brooklyn
Kings Hwy ,BMT Culver Line (F),"1,115,062","1,117,098","1,134,042","1,137,784","1,202,640","1,398,753","196,113",16.30%,312,Brooklyn
Kings Hwy ,"BMT Sea Beach Line (N,W)","1,601,357","1,616,827","1,630,749","1,687,226","1,710,115","475,763","-1,234,352",-72.20%,406,Brooklyn
Kingston Av,"IRT New Lots Ave Line (3,4)","1,519,113","1,515,277","1,545,567","1,564,089","1,573,003","1,560,437","-12,566",-0.80%,300,Brooklyn
Kingston-Throop Avs ,"IND Fulton Street Line (A,C) ","1,659,127","1,703,474","1,834,623","1,887,628","1,992,480","2,031,710","39,230",2.00%,247,Brooklyn
Knickerbocker Av ,BMT Myrtle Ave Line (M),"1,136,213","702,426","1,018,286","1,147,331","1,288,025","1,288,438",413,0.00%,327,Brooklyn
Kosciuszko St ,"BMT Jamaica Line (J,M,Z)","1,468,119","1,482,044","1,515,244","1,521,002","1,593,719","1,661,644","67,925",4.30%,286,Brooklyn
Lafayette Av  ,"IND Fulton Street Line (A,C)","1,556,902","1,582,360","1,638,947","1,617,464","1,631,737","1,639,947","8,210",0.50%,291,Brooklyn
Liberty Av ,"IND Fulton Street Line (A,C)","817,481","796,044","810,031","807,678","858,554","920,826","62,272",7.30%,370,Brooklyn
Livonia Av ,BMT Canarsie Line (L),"829,015","902,860","934,287","987,560","1,001,522","1,045,593","44,071",4.40%,358,Brooklyn
Lorimer St,"BMT Jamaica Line (J,M,Z)","1,470,761","1,494,085","1,523,986","1,500,980","1,614,154","1,595,826","-18,328",-1.10%,295,Brooklyn
Lorimer St/Metropolitan Av ,BMT Canarsie Line (L) & IND Crosstown Line (G),"4,479,022","4,643,512","5,040,719","5,090,344","5,238,736","5,156,893","-81,843",-1.60%,90,Brooklyn
Marcy Av ,"BMT Jamaica Line (J,M,Z)","3,609,981","3,564,065","3,681,903","3,953,628","4,204,877","4,272,443","67,566",1.60%,115,Brooklyn
Montrose Av ,BMT Canarsie Line (L),"1,983,449","2,075,901","2,178,772","2,335,128","2,334,271","2,338,095","3,824",0.20%,215,Brooklyn
Morgan Av ,BMT Canarsie Line (L),"2,114,813","2,262,826","2,373,595","2,513,823","2,453,723","2,614,617","160,894",6.60%,193,Brooklyn
Myrtle Av ,"BMT Jamaica Line (J,M,Z)","3,155,344","3,257,338","3,562,631","3,523,740","3,687,468","3,764,562","77,094",2.10%,136,Brooklyn
Myrtle-Willoughby Avs ,IND Crosstown Line (G),"1,383,197","1,440,313","1,578,243","1,722,392","1,875,988","1,887,369","11,381",0.60%,260,Brooklyn
Myrtle-Wyckoff Avs ,BMT Canarsie Line (L) & BMT Myrtle Ave Line (M),"5,358,434","5,662,633","5,982,615","6,381,800","6,464,630","6,531,453","66,823",1.00%,66,Brooklyn
Nassau Av ,IND Crosstown Line (G),"2,396,169","2,479,649","2,653,526","2,760,220","2,916,005","2,851,899","-64,106",-2.20%,181,Brooklyn
Neck Rd ,BMT Brighton Line (Q),"1,242,661","1,148,708","1,218,313","1,232,947","1,305,776","1,336,596","30,820",2.40%,321,Brooklyn
Neptune Av ,BMT Culver Line (F),"536,991","505,076","523,554","512,828","531,011","513,566","-17,445",-3.30%,405,Brooklyn
Nevins St ,"IRT Eastern Parkway Line (2,3,4,5)","3,524,471","3,454,621","3,477,861","3,580,156","3,310,625","3,220,745","-89,880",-2.70%,160,Brooklyn
New Lots Av ,"IRT New Lots Ave Line or Livonia Ave Line (3,4)","1,954,353","1,857,630","1,975,478","2,038,532","2,155,220","2,065,205","-90,015",-4.20%,240,Brooklyn
New Lots Av ,BMT Canarsie Line (L),"1,304,384","1,379,065","1,499,902","1,583,983","1,595,607","1,645,273","49,666",3.10%,289,Brooklyn
New Utrecht Av/62 St ,"BMT West End Line (D,M) & BMT Sea Beach Line (N,W)","1,768,935","1,931,306","1,654,945","1,716,638","1,857,740","1,784,812","-72,928",-3.90%,273,Brooklyn
Newkirk Av ,"IRT Nostrand Ave Line (2,5)","2,352,060","2,279,365","2,393,978","2,431,300","2,476,287","2,395,551","-80,736",-3.30%,208,Brooklyn
Newkirk Plaza ,"BMT Brighton Line (B,Q) ","2,999,870","3,021,079","3,380,559","3,302,958","3,432,907","3,315,748","-117,159",-3.40%,154,Brooklyn
Norwood Av ,"BMT Jamaica Line (J,Z)","1,065,062","1,097,011","1,095,573","1,145,643","1,159,274","1,146,658","-12,616",-1.10%,342,Brooklyn
Nostrand Av ,"IRT New Lots Ave Line or Livonia Ave Line (3,4)","1,324,424","1,313,227","1,327,377","1,358,826","1,386,067","1,358,853","-27,214",-2.00%,317,Brooklyn
Nostrand Av ,"IND Fulton Street Line (A,C)","5,139,201","5,283,444","5,510,841","5,439,806","5,762,163","5,861,658","99,495",1.70%,75,Brooklyn
Ocean Pkwy ,BMT Brighton Line (Q) ,"1,033,582","983,972","990,091","969,271","1,022,215","1,016,458","-5,757",-0.60%,361,Brooklyn
Park Pl ,BMT Franklin Ave Shuttle (S),"707,253","682,438","646,934","608,731","602,858","576,122","-26,736",-4.40%,401,Brooklyn
Parkside Av ,BMT Brighton Line (Q) ,"2,098,007","1,812,362","1,381,093","1,617,878","1,692,567","1,783,716","91,149",5.40%,274,Brooklyn
Pennsylvania Av ,"IRT New Lots Ave Line or Livonia Ave Line (3,4)","1,805,956","1,690,851","1,752,108","1,746,438","2,111,790","753,493","-1,358,297",-64.30%,387,Brooklyn
President St ,"IRT Nostrand Ave Line (2,5)","1,133,831","1,142,008","1,216,019","1,221,048","1,243,976","1,226,582","-17,394",-1.40%,332,Brooklyn
Prospect Av ,"BMT 4th Ave Line (D,M,N,R,W)","1,930,101","1,864,725","1,826,064","1,827,271","1,785,990","1,758,711","-27,279",-1.50%,278,Brooklyn
Prospect Park ,"BMT Brighton Line (B,Q) & BMT Franklin Ave Shuttle (S)","2,815,199","2,892,200","3,190,679","3,312,727","3,327,301","3,272,810","-54,491",-1.60%,158,Brooklyn
Ralph Av ,"IND Fulton Street Line (A,C)","1,585,546","1,625,548","1,719,602","1,787,157","1,867,793","1,863,036","-4,757",-0.30%,262,Brooklyn
Rockaway Av ,"IRT New Lots Ave Line or Livonia Ave Line (3,4)","1,792,136","1,682,755","1,753,354","1,763,824","526,505","1,534,978","1,008,473",191.50%,302,Brooklyn
Rockaway Av ,"IND Fulton Street Line (A,C)","1,548,571","1,574,733","1,615,457","1,641,268","1,721,297","1,786,802","65,505",3.80%,272,Brooklyn
Saratoga Av ,"IRT New Lots Ave Line or Livonia Ave Line (3,4)","1,743,578","1,676,421","1,777,399","1,791,700","2,442,282","1,208,956","-1,233,326",-50.50%,336,Brooklyn
Sheepshead Bay ,"BMT Brighton Line (B,Q)","4,096,449","4,148,629","4,205,275","4,201,776","4,296,566","4,322,837","26,271",0.60%,113,Brooklyn
Shepherd Av ,"IND Fulton Street Line (A,C)","930,613","945,113","988,620","1,027,404","1,059,106","1,059,144",38,0.00%,354,Brooklyn
Smith-9 Sts ,"IND Culver Line (F,G)","577,571",0,"926,087","1,539,209","1,636,221","1,533,167","-103,054",-6.30%,303,Brooklyn
Sterling St ,"IRT Nostrand Ave Line (2,5)","1,787,824","1,803,628","1,866,122","1,785,975","1,822,524","1,805,238","-17,286",-0.90%,269,Brooklyn
Sutter Av ,BMT Canarsie Line (L),"1,303,422","1,383,957","1,449,524","1,499,122","1,453,567","1,435,112","-18,455",-1.30%,310,Brooklyn
Sutter Av-Rutland Rd ,"IRT New Lots Ave Line or Livonia Ave Line (3,4)","2,370,949","2,288,256","2,419,794","2,467,381","2,420,464","2,035,027","-385,437",-15.90%,246,Brooklyn
Union St ,"BMT 4th Ave Line (D,M,N,R,W)","2,228,520","2,148,505","2,058,555","2,065,047","2,073,096","2,024,863","-48,233",-2.30%,249,Brooklyn
Utica Av ,"IND Fulton Street Line (A,C)","4,437,282","4,530,536","4,726,582","4,878,678","5,060,099","5,152,649","92,550",1.80%,91,Brooklyn
Van Siclen Av ,"IRT New Lots Ave Line or Livonia Ave Line (3,4)","1,061,359","1,016,466","1,060,055","1,048,755","304,082","1,250,237","946,155",311.20%,329,Brooklyn
Van Siclen Av ,"IND Fulton Street Line (A,C)","901,530","897,528","941,172","967,947","1,019,100","1,017,779","-1,321",-0.10%,359,Brooklyn
Van Siclen Av ,"BMT Jamaica Line (J,Z)","886,663","893,665","913,115","943,663","966,461","983,370","16,909",1.70%,364,Brooklyn
West 8 St-New York Aquarium ,IND Culver Line (F) & BMT Brighton Line (Q),"814,749","767,921","702,810","741,345","789,416","795,636","6,220",0.80%,382,Brooklyn
Wilson Av ,BMT Canarsie Line (L),"1,093,030","1,115,994","1,243,700","1,393,045","1,407,098","1,219,239","-187,859",-13.40%,335,Brooklyn
Winthrop St ,"IRT Nostrand Ave Line (2,5)","2,173,945","2,171,267","2,275,444","2,263,671","2,241,716","2,146,809","-94,907",-4.20%,229,Brooklyn
York St ,IND 6th Ave Line (F),"2,251,649","2,344,141","2,666,502","2,760,385","2,900,416","3,286,640","386,224",13.30%,157,Brooklyn
Manhattan,,,,,,,,,,,
1 Av ,BMT 14th Street Line (L),"7,050,336","7,296,576","7,735,905","8,111,070","7,702,110","7,660,896","-41,214",-0.50%,54,Manhattan
103 St ,"IRT Broadway Line (1,9)","4,302,101","4,366,343","4,427,199","4,199,559","4,258,632","4,290,142","31,510",0.70%,114,Manhattan
103 St ,"IRT Lexington Ave Line (4,6)","4,901,637","4,861,001","5,038,138","5,198,601","4,031,201","4,336,922","305,721",7.60%,112,Manhattan
103 St ,"IND 8th Ave Line or IND Central Park West Line (A,B,C)","1,453,267","1,472,319","1,528,633","1,555,514","1,521,132","1,481,660","-39,472",-2.60%,307,Manhattan
110 St ,"IRT Lexington Ave Line (4,6)","3,771,563","3,740,549","3,841,826","3,955,522","4,209,449","4,196,711","-12,738",-0.30%,120,Manhattan
116 St ,"IRT 6th Ave Line or IRT Lenox Ave Line (2,3)","3,439,949","3,584,234","3,715,803","3,845,140","3,948,545","3,874,037","-74,508",-1.90%,132,Manhattan
116 St ,"IRT Lexington Ave Line (4,6)","5,253,753","5,264,035","5,347,692","5,370,343","5,324,072","5,336,694","12,622",0.20%,84,Manhattan
116 St ,"IND 8th Ave Line or IND Central Park West Line (A,B,C)","1,944,599","2,000,033","2,122,084","2,234,662","2,246,138","2,276,196","30,058",1.30%,220,Manhattan
116 St-Columbia University ,"IRT Broadway Line (1,9)","4,932,065","4,942,022","5,044,561","4,917,691","4,846,181","4,797,152","-49,029",-1.00%,100,Manhattan
125 St ,"IRT Broadway Line (1,9)","2,438,449","2,560,513","2,649,847","2,578,729","2,555,321","2,524,125","-31,196",-1.20%,198,Manhattan
125 St ,"IRT 6th Ave Line or IRT Lenox Ave Line (2,3)","4,518,487","4,635,697","4,917,465","5,103,216","5,121,518","4,989,981","-131,537",-2.60%,96,Manhattan
125 St ,"IRT Lexington Ave Line (4,5,6)","8,868,272","8,965,496","9,290,210","9,574,765","9,586,567","9,431,163","-155,404",-1.60%,35,Manhattan
125 St ,"IND 8th Ave Line or IND Central Park West Line (A,B,C,D)","8,173,608","8,427,453","8,932,680","9,342,667","9,558,837","9,603,878","45,041",0.50%,33,Manhattan
135 St ,"IRT 6th Ave Line or IRT Lenox Ave Line (2,3)","4,344,677","4,477,110","4,672,352","4,932,623","4,949,583","4,867,017","-82,566",-1.70%,98,Manhattan
135 St ,"IND 8th Ave Line or IND Central Park West Line (A,B,C)","1,575,802","1,633,467","1,722,204","1,731,602","1,693,561","1,731,460","37,899",2.20%,282,Manhattan
137 St-City College ,"IRT Broadway Line (1,9)","4,546,654","4,634,498","4,825,267","4,542,044","4,646,578","4,564,432","-82,146",-1.80%,106,Manhattan
14 St/8 Av ,"IND 8th Ave Line (A,C,E) & BMT 14th Street Line (L)","12,415,290","13,044,037","13,903,211","14,340,856","14,763,727","14,572,075","-191,652",-1.30%,19,Manhattan
14 St/6 Av ,"IRT 7th Ave Line (1,2,3) & IND 6th Ave Line (F,V) & BMT 14th Street Line (L)","15,199,211","15,487,097","15,844,699","16,215,866","16,121,318","16,118,952","-2,366",0.00%,16,Manhattan
14 St-Union Sq ,"IRT Lexington Ave Line (4,5,6)","34,927,178","34,639,575","35,309,414","35,677,468","35,320,623","34,289,822","-1,030,801",-2.90%,4,Manhattan
145 St ,"IRT Broadway Line (1,9)","3,138,419","3,289,827","3,274,106","3,364,151","3,338,110","3,328,994","-9,116",-0.30%,152,Manhattan
145 St ,IRT 6th Ave Line or IRT Lenox Ave Line (3),"981,914","1,014,623","1,073,259","1,114,674","1,137,484","1,086,105","-51,379",-4.50%,350,Manhattan
145 St ,"IND 8th Ave Line or IND Central Park West Line (A,B,C,D)","6,948,193","7,048,936","7,432,177","7,778,992","7,923,696","7,949,593","25,897",0.30%,50,Manhattan
155 St ,"IND Concourse Line (B,D)","1,248,295","1,257,551","1,281,168","1,299,098","1,306,282","1,308,981","2,699",0.20%,325,Manhattan
155 St ,"IND 8th Ave Line (A,C)","792,465","798,881","822,333","852,716","842,826","881,431","38,605",4.60%,373,Manhattan
157 St ,IRT Broadway Line (1),"3,259,408","3,381,015","3,458,058","3,481,873","3,516,545","3,542,519","25,974",0.70%,145,Manhattan
163 St-Amsterdam Av ,"IND 8th Ave Line (A,C)","1,221,336","1,230,018","1,317,493","1,390,615","1,395,260","1,450,668","55,408",4.00%,309,Manhattan
168 St ,"IND 8th Ave Line (A,C) & IRT Broadway Line (1,9)","7,500,154","7,503,282","7,884,456","8,090,476","8,009,233","8,217,661","208,428",2.60%,45,Manhattan
175 St ,IND 8th Ave Line (A),"4,029,936","4,028,015","4,154,792","4,187,473","4,197,373","4,049,645","-147,728",-3.50%,126,Manhattan
18 St ,"IRT 7th Ave Line (1,2,9)","2,497,134","2,533,877","2,585,522","2,622,558","2,676,304","2,687,128","10,824",0.40%,190,Manhattan
181 St ,"IRT Broadway Line (1,9)","3,171,483","3,496,979","3,608,658","3,751,020","3,779,275","3,772,385","-6,890",-0.20%,135,Manhattan
181 St ,IND 8th Ave Line (A),"3,245,786","3,242,555","3,309,493","3,456,161","3,628,174","3,459,170","-169,004",-4.70%,147,Manhattan
190 St ,IND 8th Ave Line (A),"1,445,656","1,473,807","1,472,564","1,458,911","1,530,460","1,460,194","-70,266",-4.60%,308,Manhattan
191 St ,"IRT Broadway Line (1,9)","2,318,562","2,512,719","2,598,961","2,700,904","2,713,440","2,730,419","16,979",0.60%,187,Manhattan
2 Av ,"IND 6th Ave Line (F,V)","5,728,217","5,706,955","5,999,079","5,772,265","5,847,710","5,772,537","-75,173",-1.30%,76,Manhattan
207 St ,"IRT Broadway Line (1,9)","2,054,287","2,205,288","1,966,949","2,049,587","2,090,297","2,148,169","57,872",2.80%,228,Manhattan
215 St ,IRT Broadway Line (1),"583,486","599,790","638,224","626,312","615,177","636,441","21,264",3.50%,395,Manhattan
23 St ,"IRT 7th Ave Line (1,2,9)","4,622,230","4,654,520","4,818,903","4,883,773","4,884,678","4,703,374","-181,304",-3.70%,102,Manhattan
23 St ,"IRT Lexington Ave Line (4,6)","8,999,142","8,901,705","9,200,337","9,033,835","8,627,481","8,539,378","-88,103",-1.00%,43,Manhattan
23 St ,"IND 8th Ave Line (A,C,E)","7,001,778","7,155,940","7,629,811","7,923,005","7,844,508","7,543,246","-301,262",-3.80%,57,Manhattan
23 St ,"IND 6th Ave Line (F,V)","7,911,886","8,078,511","8,446,249","8,678,810","8,942,154","8,989,195","47,041",0.50%,38,Manhattan
23 St ,"BMT Broadway Line (N,Q,R,W)","6,659,479","6,805,210","6,905,704","7,348,879","7,965,410","8,151,328","185,918",2.30%,47,Manhattan
28 St ,"IRT 7th Ave Line (1,2,9)","4,093,901","4,346,501","4,548,738","4,666,347","4,665,377","4,544,976","-120,401",-2.60%,107,Manhattan
28 St ,"IRT Lexington Ave Line (4,6)","6,741,400","6,688,570","7,076,992","7,107,083","7,214,293","7,161,164","-53,129",-0.70%,60,Manhattan
28 St ,"BMT Broadway Line (N,Q,R,W)","3,297,714","3,413,315","3,520,209","3,796,977","4,083,143","4,205,109","121,966",3.00%,119,Manhattan
3 Av L subway,BMT 14th Street Line (L),"2,048,408","2,182,023","2,310,062","2,473,561","2,386,533","2,449,392","62,859",2.60%,204,Manhattan
33 St 6 subway,"IRT Lexington Ave Line (4,6)","9,220,240","9,374,676","9,756,409","9,798,598","9,701,723","9,577,123","-124,600",-1.30%,34,Manhattan
34 St-Herald Square ,"IND 6th Ave Line (B,D,F,V) & BMT Broadway Line (N,Q,R,W)","37,731,386","37,154,138","38,213,448","39,285,568","39,541,865","39,000,352","-541,513",-1.40%,3,Manhattan
34 St-Hudson Yards ,IRT Queensboro Line (7),0,0,0,0,"692,165","2,691,851","1,999,686",288.90%,189,Manhattan
34 St-Penn Station ,"IRT 7th Ave Line (1,2,3,9)","26,758,623","27,010,176","27,730,331","28,638,643","28,309,160","27,741,367","-567,793",-2.00%,5,Manhattan
34 St-Penn Station ,"IND 8th Ave Line (A,C,E)","24,751,771","24,851,746","25,726,374","26,493,571","26,147,434","25,183,869","-963,565",-3.70%,6,Manhattan
42 St-Bryant Pk/5 Av ,"IND 6th Ave Line (B,D,F,V) & IRT Queensboro Line (7)","14,752,187","14,917,245","15,527,439","15,896,805","16,220,605","16,934,142","713,537",4.40%,15,Manhattan
47-50 Sts-Rockefeller Center ,"IND 6th Ave Line (B,D,F,V)","17,466,013","17,091,251","17,759,382","18,236,646","18,469,446","18,086,203","-383,243",-2.10%,13,Manhattan
49 St ,"BMT Broadway Line (N,Q,R,W)","8,121,552","8,186,576","8,155,010","8,544,694","8,029,988","8,754,627","724,639",9.00%,41,Manhattan
5 Av-53 St ,"IND Queens Blvd Line (E,V)","6,519,696","6,744,422","7,298,061","7,543,062","7,597,212","7,240,517","-356,695",-4.70%,59,Manhattan
5 Av-59 St ,"BMT Broadway Line (N,R,W)","5,893,657","5,941,836","5,927,685","6,155,019","6,017,047","5,929,715","-87,332",-1.50%,74,Manhattan
50 St ,"IRT Broadway Line (1,2,9)","7,647,852","7,927,578","8,074,270","8,450,496","8,266,677","8,157,242","-109,435",-1.30%,46,Manhattan
50 St ,"IND 8th Ave Line (A,C) & IND Queens Blvd Line (E)","5,573,587","5,714,183","6,259,935","6,867,521","6,826,275","6,778,797","-47,478",-0.70%,65,Manhattan
57 St ,IND 6th Ave Line (F),"4,630,781","4,408,190","4,520,733","4,603,639","4,720,245","4,821,309","101,064",2.10%,99,Manhattan
57 St-7 Av ,"BMT Broadway Line (N,Q,R,W)","8,613,792","8,726,980","8,945,751","9,314,649","9,512,090","9,616,547","104,457",1.10%,32,Manhattan
59 St-Columbus Circle ,"IRT Broadway Line (1,2,9) & IND 8th Ave Line or IND Central Park West Line (A,B,C,D)","21,300,892","21,599,586","22,774,421","23,566,961","23,299,666","23,203,443","-96,223",-0.40%,8,Manhattan
66 St-Lincoln Center ,"IRT Broadway Line (1,2,9)","7,089,390","7,367,599","7,527,781","7,772,308","7,790,234","7,606,975","-183,259",-2.40%,56,Manhattan
68 St-Hunter College ,"IRT Lexington Ave Line (4,6)","10,481,234","10,373,302","10,520,477","10,545,971","10,237,854","10,124,694","-113,160",-1.10%,29,Manhattan
7 Av-53 St,"IND 6th Ave Line (B,D) & IND Queens Blvd Line (E)","4,297,779","4,384,090","4,744,808","5,092,341","5,252,615","5,162,589","-90,026",-1.70%,89,Manhattan
72 St ,"IRT Broadway Line (1,2,3,9)","12,784,301","13,043,031","13,456,906","13,375,012","13,341,361","13,257,766","-83,595",-0.60%,22,Manhattan
72 St ,"IND 8th Ave Line or IND Central Park West Line (A,B,C)","2,787,379","2,832,934","2,942,517","3,015,722","2,979,236","2,921,892","-57,344",-1.90%,177,Manhattan
77 St ,"IRT Lexington Ave Line (4,6)","11,163,007","11,109,431","11,167,386","11,454,604","11,014,861","10,927,200","-87,661",-0.80%,28,Manhattan
79 St ,"IRT Broadway Line (1,2,9)","5,330,857","5,292,422","5,438,078","5,601,595","5,534,255","5,371,624","-162,631",-2.90%,83,Manhattan
8 St-New York University,"BMT Broadway Line (N,Q,R,W)","5,779,126","5,663,358","5,379,647","5,635,598","5,894,747","6,030,544","135,797",2.30%,72,Manhattan
81 St-Museum of Natural History ,"IND 8th Ave Line or IND Central Park West Line (A,B,C)","4,116,976","4,232,404","4,477,625","4,561,347","4,584,041","4,517,912","-66,129",-1.40%,109,Manhattan
86 St ,"IRT Broadway Line (1,2,9)","6,128,225","6,219,513","6,333,352","6,519,979","6,464,625","6,359,252","-105,373",-1.60%,68,Manhattan
86 St ,"IRT Lexington Ave Line (4,5,6)","19,425,347","19,686,985","20,528,208","20,735,032","20,890,828","20,337,593","-553,235",-2.60%,10,Manhattan
86 St ,"IND 8th Ave Line or IND Central Park West Line (A,B,C)","3,238,616","3,300,644","3,408,922","3,515,551","3,474,343","3,478,317","3,974",0.10%,146,Manhattan
96 St ,"IRT Broadway Line (1,2,3,9)","11,784,341","12,108,040","12,582,947","13,108,304","13,008,596","12,700,397","-308,199",-2.40%,24,Manhattan
96 St ,"IRT Lexington Ave Line (4,6)","7,753,114","7,708,346","7,785,646","7,958,453","8,294,978","8,004,488","-290,490",-3.50%,49,Manhattan
96 St ,"IND 8th Ave Line or IND Central Park West Line (A,B,C)","2,775,904","2,829,949","2,979,535","3,089,701","3,084,906","3,044,779","-40,127",-1.30%,169,Manhattan
Astor Place ,"IRT Lexington Ave Line (4,6)","5,571,077","5,535,996","5,775,276","5,751,688","5,447,655","5,271,496","-176,159",-3.20%,86,Manhattan
Bowery ,"BMT Nassau Street Line (J,M,Z)","991,686","968,629","970,576","1,057,000","1,184,920","1,223,959","39,039",3.30%,333,Manhattan
Bowling Green ,"IRT Lexington Ave Line (4,5)","7,793,614","7,990,789","9,081,649","10,261,064","9,153,462","8,870,811","-282,651",-3.10%,39,Manhattan
Broad St ,"BMT Nassau Street Line (J,M,Z)","1,473,717","1,315,012","1,436,506","1,662,905","1,834,780","2,064,292","229,512",12.50%,241,Manhattan
Broadway-Lafayette St/Bleecker St ,"IND 6th Ave Line (B,D,F,V) & IRT Lexington Ave Line (4,6)","11,651,990","11,792,114","12,560,629","12,913,327","12,666,868","12,405,639","-261,229",-2.10%,26,Manhattan
Brooklyn Bridge-City Hall/Chambers St ,"IRT Lexington Ave Line (4,5,6) & BMT Nassau Street Line (J,M,Z)","10,681,037","10,650,508","10,721,984","10,938,927","10,481,576","10,059,080","-422,496",-4.00%,30,Manhattan
Canal St ,"IRT 7th Ave Line (1,2,9)","1,785,923","1,727,415","1,787,110","1,859,071","1,830,920","1,801,063","-29,857",-1.60%,271,Manhattan
Canal St ,"IND 8th Ave Line (A,C,E)","5,646,937","5,612,068","5,922,371","6,013,138","6,011,243","5,753,945","-257,298",-4.30%,77,Manhattan
Canal St ,"IRT Lexington Ave Line (4,5,6) & BMT Nassau Street Line (J,M,Z) & BMT Broadway Line (N,Q,R,W)","15,577,018","15,529,659","15,227,139","15,104,077","15,094,135","15,274,896","180,761",1.20%,18,Manhattan
Cathedral Pkwy-110 St ,"IRT Broadway Line (1,9) ","4,440,822","4,491,643","4,557,743","4,301,285","4,280,482","4,160,302","-120,180",-2.80%,123,Manhattan
Cathedral Pkwy-110 St ,"IND 8th Ave Line or IND Central Park West Line (A,B,C)","2,166,542","2,207,790","2,301,545","2,351,549","2,376,166","2,354,421","-21,745",-0.90%,212,Manhattan
Central Park North-110 St ,"IRT 6th Ave Line or IRT Lenox Ave Line (2,3)","2,724,841","2,808,386","2,932,790","3,110,140","3,188,551","3,147,750","-40,801",-1.30%,163,Manhattan
Chambers St ,"IRT 7th Ave Line (1,2,3,9)","6,554,728","6,603,287","6,755,281","6,973,674","7,054,771","6,948,976","-105,795",-1.50%,62,Manhattan
Chambers St /Park Place ,"IND 8th Ave Line (A,C,E) & IRT 7th Ave Line (2,3)","15,458,781","15,364,366","15,641,210","16,088,983","16,910,084","16,079,624","-830,460",-4.90%,17,Manhattan
Christopher St-Sheridan Sq ,"IRT 7th Ave Line (1,2,9)","3,471,186","3,435,088","3,433,544","3,480,159","3,363,949","3,307,136","-56,813",-1.70%,156,Manhattan
City Hall ,"BMT Broadway Line (N,R,W) ","2,627,822","2,094,122","1,560,414","1,151,646","1,828,806","1,977,733","148,927",8.10%,256,Manhattan
Cortlandt St ,"IRT 7th Ave Line (1,9)",0,0,0,0,0,0,0,N/A,,Manhattan
Cortlandt St R subway W subway,"BMT Broadway Line (N,R,W)","1,640,638","2,062,289","1,601,732","1,500,040","2,713,532","4,270,036","1,556,504",57.40%,116,Manhattan
Delancey St/Essex St ,"IND 6th Ave Line (F) & BMT Nassau Street Line (J,M,Z)","7,172,867","7,280,936","7,759,914","7,909,365","8,226,975","8,458,101","231,126",2.80%,44,Manhattan
Dyckman St ,IRT Broadway Line (1),"1,212,678","1,231,954","2,094,538","2,298,848","2,317,843","2,410,021","92,178",4.00%,207,Manhattan
Dyckman St ,IND 8th Ave Line (A),"2,326,780","2,344,316","2,112,706","2,158,170","2,244,154","2,135,271","-108,883",-4.90%,232,Manhattan
East Broadway ,IND 6th Ave Line (F),"4,057,707","4,021,679","4,208,654","4,379,909","4,576,662","4,752,739","176,077",3.80%,101,Manhattan
Franklin St ,"IRT 7th Ave Line (1,2,9)","1,777,323","1,714,218","1,703,889","1,745,841","1,731,354","1,782,203","50,849",2.90%,275,Manhattan
Fulton St ,"IND 8th Ave Line (A,C) & BMT Nassau Street Line (J,M,Z) & IRT 7th Ave Line (2,3) & IRT Lexington Ave Line (4,5)","17,971,983","17,868,334","18,721,694","20,102,397","21,671,684","25,162,937","3,491,253",16.10%,7,Manhattan
Grand Central-42 St ,"IRT 42nd Street Shuttle (S) & IRT Lexington Ave Line (4,5,6) & IRT Queensboro Line (7)","42,795,505","42,984,249","44,893,301","46,074,652","46,737,564","46,121,509","-616,055",-1.30%,2,Manhattan
Grand St ,"IND 6th Ave Line (B, D)","7,770,139","7,658,249","7,994,060","8,131,543","8,010,864","7,942,505","-68,359",-0.90%,51,Manhattan
Harlem-148 St ,IRT 6th Ave Line or IRT Lenox Ave Line (3),"1,101,666","1,110,842","1,171,372","1,209,633","1,269,910","1,220,407","-49,503",-3.90%,334,Manhattan
Houston St 1 subway,"IRT 7th Ave Line (1,2,9)","4,225,089","4,287,926","4,510,538","4,562,690","4,377,409","4,375,993","-1,416",0.00%,111,Manhattan
Inwood-207 St A subway,IND 8th Ave Line (A),"3,079,573","2,795,992","2,897,438","2,981,271","3,068,931","2,904,915","-164,016",-5.30%,178,Manhattan
Lexington Av/59 St ,"IRT Lexington Ave Line (4,5,6) & BMT Broadway Line (N,R,W)","20,377,141","20,628,942","21,282,767","21,557,198","21,407,792","21,000,635","-407,157",-1.90%,9,Manhattan
Lexington Av-53 St/51 St ,"IRT Lexington Ave Line (4,5,6) & IND Queens Blvd Line (E,V)","18,948,032","19,280,036","20,262,110","20,513,370","20,479,923","19,929,405","-550,518",-2.70%,11,Manhattan
Lexington Av-63 St ,"IND 63 Street Line (F,Q)","4,722,939","4,566,850","4,462,467","4,479,963","4,718,159","5,033,950","315,791",6.70%,93,Manhattan
Marble Hill-225 St ,"IRT Broadway Line (1,9)","1,476,489","1,721,707","1,725,406","1,846,582","1,809,998","1,777,035","-32,963",-1.80%,276,Manhattan
Prince St ,"BMT Broadway Line (N,Q,R,W)","5,603,783","5,508,110","5,209,433","5,311,765","5,386,641","5,314,922","-71,719",-1.30%,85,Manhattan
Rector St ,"IRT 7th Ave Line (1,9)","2,636,681","3,055,453","3,398,383","3,393,420","3,042,815","2,805,381","-237,434",-7.80%,185,Manhattan
Rector St ,"BMT Broadway Line (N,R,W)","2,413,512","2,053,706","1,524,110","1,116,833","1,896,968","2,038,348","141,380",7.50%,244,Manhattan
Roosevelt Island ,IND 63 Street Line (F),"2,114,468","2,026,567","1,948,925","1,870,476","1,966,493","2,110,471","143,978",7.30%,236,Manhattan
South Ferry/Whitehall St ,"IRT 7th Ave Line (1,9) & BMT Broadway Line (N,R,W)","9,073,709","8,123,655","6,192,660","7,116,897","8,750,364","9,009,136","258,772",3.00%,37,Manhattan
Spring St ,"IRT Lexington Ave Line (4,6)","3,887,184","3,999,949","4,123,703","4,169,799","3,804,403","3,792,870","-11,533",-0.30%,134,Manhattan
Spring St C subway E subway,"IND 8th Ave Line (A,C,E)","3,589,809","3,718,956","3,874,428","3,965,206","3,782,314","3,744,702","-37,612",-1.00%,139,Manhattan
Times Sq-42 St ,"IRT 7th Ave Line (1,2,3,9) & IRT 42nd Street Shuttle (S) & IND 8th Ave Line (A,C,E) & BMT Broadway Line (N,Q,R,W) & IRT Queensboro Line (7)","60,604,822","62,069,437","63,617,614","65,948,730","66,359,208","64,531,511","-1,827,697",-2.80%,1,Manhattan
Wall St ,"IRT 7th Ave Line (2,3)","7,016,078","7,034,940","7,473,489","7,845,023","7,650,853","7,689,447","38,594",0.50%,53,Manhattan
Wall St ,"IRT Lexington Ave Line (4,5)","6,526,692","6,658,687","7,231,884","7,437,325","6,708,745","6,148,384","-560,361",-8.40%,70,Manhattan
West 4 St-Washington Sq ,"IND 8th Ave Line (A,C,E) & IND 6th Ave Line (B,D,F,V)","12,506,322","12,727,443","13,533,369","13,942,101","14,147,148","13,955,067","-192,081",-1.40%,20,Manhattan
Queens,,,,,,,,,,,
103 St-Corona Plaza ,IRT Flushing Line (7),"6,095,306","6,130,376","6,314,870","6,464,627","6,527,196","6,504,644","-22,552",-0.30%,67,Queens
104 St ,IND Fulton Street Line (A),"523,212","507,774","516,000","388,144","538,400","626,547","88,147",16.40%,396,Queens
104 St ,"BMT Jamaica Line (J,Z)","782,115","755,193","779,537","827,890","841,545","850,903","9,358",1.10%,376,Queens
111 St ,IRT Flushing Line (7),"3,494,533","3,473,313","3,607,926","3,659,225","3,699,843","3,753,756","53,913",1.50%,137,Queens
111 St ,IND Fulton Street Line (A),"798,886","796,622","795,820","802,831","767,647","561,857","-205,790",-26.80%,403,Queens
111 St ,BMT Jamaica Line (J),"805,590","764,882","780,300","802,275","812,055","805,255","-6,800",-0.80%,381,Queens
121 St ,"BMT Jamaica Line (J,Z)","694,567","664,855","688,985","766,469","788,674","794,687","6,013",0.80%,383,Queens
169 St ,IND Queens Blvd Line (F),"2,781,001","2,759,602","2,834,112","2,854,274","2,858,542","2,787,763","-70,779",-2.50%,186,Queens
21 St ,IND Crosstown Line (G),"364,597","469,173","422,616","427,353","533,529","580,065","46,536",8.70%,400,Queens
21 St-Queensbridge ,IND 63 Street Line (F),"2,707,275","2,654,261","2,631,860","2,683,624","2,884,831","3,009,540","124,709",4.30%,173,Queens
30 Av ,"BMT Astoria Line aka BMT 31 Street Line (N,W)","4,340,888","4,622,323","4,776,709","4,808,350","4,745,260","4,694,548","-50,712",-1.10%,104,Queens
33 St-Rawson St ,IRT Flushing Line (7),"3,707,015","3,752,701","3,899,003","3,892,589","3,712,153","3,636,632","-75,521",-2.00%,141,Queens
36 Av ,"BMT Astoria Line aka BMT 31 Street Line (N,W)","2,246,477","2,412,794","2,462,645","2,439,630","2,394,564","2,343,925","-50,639",-2.10%,214,Queens
36 St ,"IND Queens Blvd Line (E,G,R,V)","1,238,985","1,257,059","1,278,109","1,307,054","1,339,754","1,355,271","15,517",1.20%,318,Queens
39 Av ,"BMT Astoria Line aka BMT 31 Street Line (N,W)","823,763","930,291","1,012,381","1,104,375","1,072,026","1,016,809","-55,217",-5.20%,360,Queens
40 St-Lowery St ,IRT Flushing Line (7),"3,378,636","3,393,418","3,483,507","3,496,675","3,421,569","3,399,567","-22,002",-0.60%,150,Queens
46 St ,"IND Queens Blvd Line (E,G,R,V)","2,964,965","2,978,233","3,014,082","3,021,219","2,956,981","2,904,517","-52,464",-1.80%,179,Queens
46 St-Bliss St ,IRT Flushing Line (7),"4,683,092","4,638,262","4,734,334","4,695,672","4,593,351","4,541,003","-52,348",-1.10%,108,Queens
52 St ,IRT Flushing Line (7),"2,117,202","2,138,307","2,182,725","2,214,115","2,177,884","2,131,770","-46,114",-2.10%,233,Queens
63 Dr-Rego Park ,"IND Queens Blvd Line (E,G,R,V)","4,891,415","4,998,378","5,129,203","5,272,014","5,244,226","5,219,811","-24,415",-0.50%,87,Queens
65 St ,"IND Queens Blvd Line (E,G,R,V)","1,098,734","1,131,591","1,124,823","1,159,576","1,192,281","1,183,534","-8,747",-0.70%,340,Queens
67 Av ,"IND Queens Blvd Line (E,G,R,V)","2,791,494","2,770,364","2,818,350","2,851,905","2,853,794","2,807,769","-46,025",-1.60%,183,Queens
69 St ,IRT Flushing Line (7),"1,649,055","1,647,057","1,671,584","1,685,222","1,629,526","1,643,806","14,280",0.90%,290,Queens
74-Bway/Jackson Hts-Roosevelt Av ,"IRT Flushing Line (7) & IND Queens Blvd Line (E,F,G,R,V)","16,377,496","16,366,669","16,864,938","17,087,795","17,224,537","17,301,839","77,302",0.40%,14,Queens
75 Av ,"IND Queens Blvd Line (E,F)","1,171,380","1,130,707","1,155,836","1,131,705","1,136,305","1,102,600","-33,705",-3.00%,346,Queens
75 St-Elderts Ln ,"BMT Jamaica Line (J,Z)","1,128,911","1,107,947","1,138,544","1,172,162","1,196,186","1,187,714","-8,472",-0.70%,339,Queens
80 St A subway,IND Fulton Street Line (A),"1,283,827","1,294,099","1,310,413","1,507,116","1,465,264","1,098,234","-367,030",-25.00%,348,Queens
82 St-Jackson Hts ,IRT Flushing Line (7),"5,163,208","5,013,810","5,139,172","5,172,595","5,128,506","5,089,971","-38,535",-0.80%,92,Queens
85 St-Forest Pkwy ,BMT Jamaica Line (J),"1,138,842","1,125,639","1,157,863","1,212,661","1,239,793","1,237,770","-2,023",-0.20%,330,Queens
88 St ,IND Fulton Street Line (A),"805,054","792,615","808,822","613,296","1,011,163","952,251","-58,912",-5.80%,368,Queens
90 St-Elmhurst Av ,IRT Flushing Line (7),"5,480,782","5,428,872","5,513,135","5,480,059","5,489,630","5,471,961","-17,669",-0.30%,80,Queens
Aqueduct Racetrack ,IND Rockaway Ave Line (A),"54,183",0,"213,601","630,644","672,734","676,971","4,237",0.60%,392,Queens
Aqueduct-North Conduit Av ,IND Rockaway Ave Line (A),"474,915","890,505","698,115","357,399","365,488","342,494","-22,994",-6.30%,413,Queens
Astoria Blvd ,"BMT Astoria Line aka BMT 31 Street Line (N,W)","3,850,546","3,871,213","3,962,838","3,914,637","3,926,062","3,894,399","-31,663",-0.80%,130,Queens
Astoria-Ditmars Blvd ,"BMT Astoria Line aka BMT 31 Street Line (N,W)","5,203,409","5,233,305","5,405,084","5,416,919","5,407,027","5,429,314","22,287",0.40%,82,Queens
Beach 105 St ,IND Rockaway Ave Line (A),"80,580","82,088","48,916","82,980","99,254","95,469","-3,785",-3.80%,420,Queens
Beach 25 St ,IND Rockaway Ave Line (A),"501,037","437,602","267,585","519,843","570,312","601,116","30,804",5.40%,397,Queens
Beach 36 St ,IND Rockaway Ave Line (A),"192,676","217,880","143,400","272,799","296,860","305,816","8,956",3.00%,416,Queens
Beach 44 St ,IND Rockaway Ave Line (A),"225,250","161,946","91,331","181,758","197,543","212,440","14,897",7.50%,418,Queens
Beach 60 St ,IND Rockaway Ave Line (A),"555,937","588,970","406,698","772,376","801,015","794,595","-6,420",-0.80%,384,Queens
Beach 67 St-Arverne By The Sea ,IND Rockaway Ave Line (A),"681,006","572,418","357,807","701,784","799,134","811,248","12,114",1.50%,379,Queens
Beach 90 St ,"IND Rockaway Ave Line (A,H,S)","387,012","305,397","194,416","306,284","333,006","335,515","2,509",0.80%,414,Queens
Beach 98 St ,"IND Rockaway Ave Line (A,H,S)","198,503","193,332","100,594","200,197","214,040","203,795","-10,245",-4.80%,419,Queens
Briarwood-Van Wyck Blvd ,"IND Queens Blvd Line (E,F)","1,730,276","1,563,242","1,427,813","1,427,017","1,479,278","1,515,926","36,648",2.50%,305,Queens
Broad Channel ,"IND Rockaway Ave Line (A,H,S)","88,837","75,969","36,849","74,386","91,766","91,208",-558,-0.60%,421,Queens
Broadway ,"BMT Astoria Line aka BMT 31 Street Line (N,W)","4,007,018","4,161,120","4,325,297","4,407,347","4,300,632","4,189,306","-111,326",-2.60%,121,Queens
Court Sq E subway G subway M subway 7 subway,"IRT Queensboro Line (7) & IND Queens Blvd Line (E,V) & IND Crosstown Line (G)","6,334,869","5,340,581","6,072,768","6,664,442","6,730,837","6,809,217","78,380",1.20%,63,Queens
Elmhurst Av ,"IND Queens Blvd Line (E,G,R,V)","4,338,857","4,344,648","4,343,633","4,362,316","4,350,714","4,268,747","-81,967",-1.90%,117,Queens
Far Rockaway-Mott Av ,"IND Rockaway Ave Line (A,H,S)","1,426,835","1,217,871","806,025","1,486,147","1,576,988","1,572,694","-4,294",-0.30%,299,Queens
Flushing-Main St ,IRT Flushing Line (7),"18,967,751","19,034,789","19,102,434","19,085,948","19,082,391","19,257,879","175,488",0.90%,12,Queens
Forest Av ,BMT Myrtle Ave Line (M),"1,172,881","1,134,938","1,179,301","1,235,376","1,317,289","1,316,296",-993,-0.10%,324,Queens
Forest Hills-71 Av ,"IND Queens Blvd Line (E,F,G,R,V)","8,316,825","8,342,293","8,573,480","8,585,239","8,654,547","8,581,096","-73,451",-0.80%,42,Queens
Fresh Pond Rd,BMT Myrtle Ave Line (M),"1,617,252","1,590,304","1,534,754","1,676,862","1,806,429","1,831,889","25,460",1.40%,266,Queens
Grand Av-Newtown ,"IND Queens Blvd Line (E,G,R,V)","5,721,038","5,741,626","5,832,568","5,861,823","5,995,764","6,057,028","61,264",1.00%,71,Queens
Howard Beach-JFK Airport ,IND Rockaway Ave Line (A),"928,529","1,074,516","1,626,984","963,503","1,041,816","1,012,067","-29,749",-2.90%,363,Queens
Hunters Point Av ,IRT Flushing Line (7),"1,655,252","1,704,114","1,710,103","1,791,109","1,848,769","1,994,002","145,233",7.90%,253,Queens
Jamaica Center-Parsons-Archer ,"IND/BMT Archer Ave Line (E,J,Z)","12,147,163","12,204,423","12,507,906","12,784,635","12,622,977","12,470,914","-152,063",-1.20%,25,Queens
Jamaica-179 St ,"IND Queens Blvd Line (E,F)","6,818,728","6,767,423","6,868,439","6,818,494","6,898,938","6,783,119","-115,819",-1.70%,64,Queens
Jamaica-Van Wyck ,IND Queens Blvd Line (E),"1,527,249","1,552,178","1,565,998","1,587,413","1,545,016","1,536,716","-8,300",-0.50%,301,Queens
Junction Blvd ,IRT Flushing Line (7),"6,963,489","6,784,942","6,816,700","6,946,966","7,064,435","7,249,912","185,477",2.60%,58,Queens
Kew Gardens-Union Turnpike ,"IND Queens Blvd Line (E,F)","8,179,749","8,296,905","8,609,185","8,363,109","8,354,731","8,109,611","-245,120",-2.90%,48,Queens
Mets-Willets Point ,IRT Flushing Line (7),"1,729,243","1,693,024","1,902,121","1,875,472","2,120,859","2,004,343","-116,516",-5.50%,250,Queens
Middle Village-Metropolitan Av ,BMT Myrtle Ave Line (M),"1,220,377","1,189,616","1,200,171","1,300,110","1,361,246","1,365,048","3,802",0.30%,316,Queens
Northern Blvd ,"IND Queens Blvd Line (E,G,R,V)","2,184,353","2,214,223","2,239,136","2,290,836","2,282,296","2,264,100","-18,196",-0.80%,221,Queens
Ozone Park-Lefferts Blvd A subway,IND Fulton Street Line (A),"2,286,542","2,246,624","2,262,961","2,263,109","2,224,331","2,351,557","127,226",5.70%,213,Queens
Parsons Blvd ,"IND Queens Blvd Line (E,F)","1,920,497","1,950,852","2,035,948","2,052,252","2,094,007","2,063,042","-30,965",-1.50%,242,Queens
Queens Plaza ,"IND Queens Blvd Line (E,G,R,V)","2,550,906","2,747,366","2,855,006","3,005,223","3,101,888","3,124,028","22,140",0.70%,165,Queens
Queensboro Plaza ,"IRT Queensboro Line (7) & BMT Astoria Line aka BMT 31 Street Line (N,W)","3,047,146","3,350,219","3,569,290","3,785,260","3,773,168","4,105,500","332,332",8.80%,125,Queens
Rockaway Blvd ,IND Rockaway Ave Line (A),"2,373,967","2,446,937","2,637,100","2,575,171","1,729,268","2,382,252","652,984",37.80%,209,Queens
Rockaway Park-Beach 116 St ,"IND Rockaway Ave Line (A,H,S)","286,902","251,080","135,956","231,407","255,542","250,220","-5,322",-2.10%,417,Queens
Seneca Av ,BMT Myrtle Ave Line (M),"758,144","716,729","711,011","755,026","842,069","854,251","12,182",1.40%,375,Queens
Steinway St ,"IND Queens Blvd Line (E,G,R,V)","4,930,914","4,866,245","4,798,179","4,807,448","4,779,346","4,703,321","-76,025",-1.60%,103,Queens
Sutphin Blvd ,IND Queens Blvd Line (F),"1,470,022","1,468,970","1,550,363","1,468,419","1,506,607","1,414,334","-92,273",-6.10%,311,Queens
Sutphin Blvd-Archer Av-JFK Airport ,"IND/BMT Archer Ave Line (E,J,Z)","6,839,255","6,975,316","7,303,038","7,633,725","7,767,728","7,904,869","137,141",1.80%,52,Queens
Vernon Blvd-Jackson Av 7 subway,IRT Flushing Line (7),"3,170,128","3,357,030","3,726,974","4,169,876","4,462,652","4,877,185","414,533",9.30%,97,Queens
Woodhaven Blvd ,"BMT Jamaica Line (J,Z)","1,357,800","1,328,319","1,398,536","1,505,920","1,551,590","1,513,298","-38,292",-2.50%,306,Queens
Woodhaven Blvd ,"IND Queens Blvd Line (E,G,R,V)","7,241,776","7,157,320","7,157,254","7,125,205","7,120,037","7,144,921","24,884",0.30%,61,Queens
Woodside-61 St ,IRT Flushing Line (7),"5,382,589","5,273,308","5,330,760","5,356,621","5,432,682","5,511,564","78,882",1.50%,79,Queens
